value,source,target
.0052453,"Pulmonary aspiration and foreign body in airway","Dislocation of hip"
.0522989,"Unintentional firearm injuries","Dislocation of hip"
9.642471,"Motor vehicle road injuries","Dislocation of hip"
.0024734,"Foreign body in eyes","Dislocation of hip"
.1091835,"Venomous animal contact","Dislocation of hip"
.0135849,"Assault by firearm","Dislocation of hip"
.1518844,"Drowning","Dislocation of hip"
3.950275,"Motorcyclist road injuries","Dislocation of hip"
.3246911,"Animal contact","Dislocation of hip"
.4536203,"Cyclist road injuries","Dislocation of hip"
.2155075,"Non-venomous animal contact","Dislocation of hip"
13.27301,"Other unintentional injuries","Dislocation of hip"
4.229936,"Other transport injuries","Dislocation of hip"
.0252706,"Self-harm","Dislocation of hip"
.5725273,"Fire, heat, and hot substances","Dislocation of hip"
.0104485,"Foreign body in other body part","Dislocation of hip"
9.356598,"Falls","Dislocation of hip"
2.458905,"Pedestrian road injuries by road vehicle","Dislocation of hip"
.0059971,"Poisonings","Dislocation of hip"
3.550882,"Exposure to mechanical forces","Dislocation of hip"
.2651928,"Interpersonal violence","Dislocation of hip"
.0957624,"Assault by sharp object","Dislocation of hip"
.1558456,"Assault by other means","Dislocation of hip"
.1493416,"Other road injuries","Dislocation of hip"
16.65461,"Road injuries","Dislocation of hip"
.6907195,"Unintentional suffocation","Dislocation of hip"
2.807865,"Other exposure to mechanical forces","Dislocation of hip"
24.23436,"Motorcyclist road injuries","Dislocation of knee"
.5188578,"Poisonings","Dislocation of knee"
115.1421,"Falls","Dislocation of knee"
.0007896,"Unintentional suffocation","Dislocation of knee"
1.854206,"Interpersonal violence","Dislocation of knee"
15.18339,"Other transport injuries","Dislocation of knee"
.2062913,"Foreign body in eyes","Dislocation of knee"
12.87406,"Drowning","Dislocation of knee"
.1367709,"Self-harm","Dislocation of knee"
15.91185,"Pedestrian road injuries by road vehicle","Dislocation of knee"
26.03037,"Other exposure to mechanical forces","Dislocation of knee"
1.374978,"Unintentional firearm injuries","Dislocation of knee"
5.287344,"Non-venomous animal contact","Dislocation of knee"
9.165172,"Animal contact","Dislocation of knee"
.5465618,"Assault by sharp object","Dislocation of knee"
2.466129,"Pulmonary aspiration and foreign body in airway","Dislocation of knee"
9.390654,"Motor vehicle road injuries","Dislocation of knee"
4.218236,"Cyclist road injuries","Dislocation of knee"
54.27548,"Road injuries","Dislocation of knee"
.3355857,"Assault by firearm","Dislocation of knee"
.1149885,"Foreign body in other body part","Dislocation of knee"
16.44741,"Other unintentional injuries","Dislocation of knee"
13.06955,"Fire, heat, and hot substances","Dislocation of knee"
3.877829,"Venomous animal contact","Dislocation of knee"
27.40613,"Exposure to mechanical forces","Dislocation of knee"
.9720587,"Assault by other means","Dislocation of knee"
.5203741,"Other road injuries","Dislocation of knee"
3.984916,"Poisonings","Dislocation of shoulder"
2.295516,"Assault by sharp object","Dislocation of shoulder"
1.059503,"Unintentional suffocation","Dislocation of shoulder"
.2265009,"Foreign body in other body part","Dislocation of shoulder"
94.90415,"Other exposure to mechanical forces","Dislocation of shoulder"
20.11306,"Venomous animal contact","Dislocation of shoulder"
366.8585,"Falls","Dislocation of shoulder"
6.412516,"Assault by other means","Dislocation of shoulder"
.0834292,"Foreign body in eyes","Dislocation of shoulder"
33.24556,"Pedestrian road injuries by road vehicle","Dislocation of shoulder"
82.53722,"Motorcyclist road injuries","Dislocation of shoulder"
102.7177,"Exposure to mechanical forces","Dislocation of shoulder"
7.729774,"Other road injuries","Dislocation of shoulder"
32.73409,"Other unintentional injuries","Dislocation of shoulder"
6.155412,"Pulmonary aspiration and foreign body in airway","Dislocation of shoulder"
45.77549,"Motor vehicle road injuries","Dislocation of shoulder"
46.93812,"Fire, heat, and hot substances","Dislocation of shoulder"
28.07404,"Non-venomous animal contact","Dislocation of shoulder"
.1844395,"Assault by firearm","Dislocation of shoulder"
48.1871,"Animal contact","Dislocation of shoulder"
2.003219,"Self-harm","Dislocation of shoulder"
31.38013,"Cyclist road injuries","Dislocation of shoulder"
85.88988,"Drowning","Dislocation of shoulder"
6.754043,"Unintentional firearm injuries","Dislocation of shoulder"
8.89247,"Interpersonal violence","Dislocation of shoulder"
35.39095,"Other transport injuries","Dislocation of shoulder"
200.6682,"Road injuries","Dislocation of shoulder"
12.78317,"Venomous animal contact","Other injuries of muscle & tendon and other dislocations"
21.73347,"Fire, heat, and hot substances","Other injuries of muscle & tendon and other dislocations"
.4627838,"Poisonings","Other injuries of muscle & tendon and other dislocations"
4.381218,"Foreign body in other body part","Other injuries of muscle & tendon and other dislocations"
188.1573,"Road injuries","Other injuries of muscle & tendon and other dislocations"
16.04566,"Other transport injuries","Other injuries of muscle & tendon and other dislocations"
16.45093,"Drowning","Other injuries of muscle & tendon and other dislocations"
3.288445,"Other road injuries","Other injuries of muscle & tendon and other dislocations"
10.89039,"Non-venomous animal contact","Other injuries of muscle & tendon and other dislocations"
49.22133,"Motor vehicle road injuries","Other injuries of muscle & tendon and other dislocations"
7.465267,"Unintentional firearm injuries","Other injuries of muscle & tendon and other dislocations"
30.48511,"Other unintentional injuries","Other injuries of muscle & tendon and other dislocations"
272.384,"Other exposure to mechanical forces","Other injuries of muscle & tendon and other dislocations"
2.264875,"Pulmonary aspiration and foreign body in airway","Other injuries of muscle & tendon and other dislocations"
.8819262,"Assault by firearm","Other injuries of muscle & tendon and other dislocations"
67.74665,"Motorcyclist road injuries","Other injuries of muscle & tendon and other dislocations"
280.8632,"Exposure to mechanical forces","Other injuries of muscle & tendon and other dislocations"
12.72147,"Interpersonal violence","Other injuries of muscle & tendon and other dislocations"
23.67355,"Animal contact","Other injuries of muscle & tendon and other dislocations"
1.013878,"Unintentional suffocation","Other injuries of muscle & tendon and other dislocations"
7.694182,"Assault by sharp object","Other injuries of muscle & tendon and other dislocations"
53.29476,"Pedestrian road injuries by road vehicle","Other injuries of muscle & tendon and other dislocations"
232.3883,"Falls","Other injuries of muscle & tendon and other dislocations"
14.60611,"Cyclist road injuries","Other injuries of muscle & tendon and other dislocations"
3.956124,"Self-harm","Other injuries of muscle & tendon and other dislocations"
.2537553,"Foreign body in eyes","Other injuries of muscle & tendon and other dislocations"
4.145363,"Assault by other means","Other injuries of muscle & tendon and other dislocations"
.2515719,"Pulmonary aspiration and foreign body in airway","Fracture of clavicle, scapula, or humerus"
27.27184,"Pedestrian road injuries by road vehicle","Fracture of clavicle, scapula, or humerus"
6.7063,"Drowning","Fracture of clavicle, scapula, or humerus"
.0279874,"Foreign body in eyes","Fracture of clavicle, scapula, or humerus"
2.953012,"Non-venomous animal contact","Fracture of clavicle, scapula, or humerus"
2.319131,"Unintentional suffocation","Fracture of clavicle, scapula, or humerus"
209.0165,"Other exposure to mechanical forces","Fracture of clavicle, scapula, or humerus"
.1760991,"Foreign body in other body part","Fracture of clavicle, scapula, or humerus"
34.12021,"Cyclist road injuries","Fracture of clavicle, scapula, or humerus"
.8185806,"Assault by firearm","Fracture of clavicle, scapula, or humerus"
154.7753,"Road injuries","Fracture of clavicle, scapula, or humerus"
45.37993,"Motorcyclist road injuries","Fracture of clavicle, scapula, or humerus"
44.1208,"Motor vehicle road injuries","Fracture of clavicle, scapula, or humerus"
4.681622,"Assault by other means","Fracture of clavicle, scapula, or humerus"
25.38653,"Other transport injuries","Fracture of clavicle, scapula, or humerus"
5.263362,"Animal contact","Fracture of clavicle, scapula, or humerus"
.1804169,"Poisonings","Fracture of clavicle, scapula, or humerus"
50.24006,"Other unintentional injuries","Fracture of clavicle, scapula, or humerus"
.2748361,"Self-harm","Fracture of clavicle, scapula, or humerus"
8.073802,"Interpersonal violence","Fracture of clavicle, scapula, or humerus"
3.882516,"Other road injuries","Fracture of clavicle, scapula, or humerus"
4.921517,"Fire, heat, and hot substances","Fracture of clavicle, scapula, or humerus"
215.7943,"Exposure to mechanical forces","Fracture of clavicle, scapula, or humerus"
2.573599,"Assault by sharp object","Fracture of clavicle, scapula, or humerus"
2.310349,"Venomous animal contact","Fracture of clavicle, scapula, or humerus"
4.458594,"Unintentional firearm injuries","Fracture of clavicle, scapula, or humerus"
182.2174,"Falls","Fracture of clavicle, scapula, or humerus"
19.0461,"Falls","Fracture of face bone"
17.03496,"Other exposure to mechanical forces","Fracture of face bone"
.6937159,"Venomous animal contact","Fracture of face bone"
3.134005,"Animal contact","Fracture of face bone"
11.0772,"Motorcyclist road injuries","Fracture of face bone"
.4603755,"Assault by sharp object","Fracture of face bone"
.0372952,"Unintentional suffocation","Fracture of face bone"
.4401108,"Assault by firearm","Fracture of face bone"
.0730369,"Poisonings","Fracture of face bone"
17.92126,"Exposure to mechanical forces","Fracture of face bone"
8.522849,"Motor vehicle road injuries","Fracture of face bone"
7.069532,"Pedestrian road injuries by road vehicle","Fracture of face bone"
.3012823,"Foreign body in other body part","Fracture of face bone"
2.769971,"Other unintentional injuries","Fracture of face bone"
5.214674,"Assault by other means","Fracture of face bone"
.8490021,"Unintentional firearm injuries","Fracture of face bone"
30.53294,"Road injuries","Fracture of face bone"
1.220564,"Drowning","Fracture of face bone"
3.517783,"Cyclist road injuries","Fracture of face bone"
.3455804,"Other road injuries","Fracture of face bone"
.0960643,"Pulmonary aspiration and foreign body in airway","Fracture of face bone"
2.440289,"Non-venomous animal contact","Fracture of face bone"
.2032503,"Self-harm","Fracture of face bone"
6.255115,"Other transport injuries","Fracture of face bone"
.0346554,"Foreign body in eyes","Fracture of face bone"
2.569762,"Fire, heat, and hot substances","Fracture of face bone"
6.11516,"Interpersonal violence","Fracture of face bone"
7.074126,"Unintentional firearm injuries","Fracture of foot bone"
109.0903,"Exposure to mechanical forces","Fracture of foot bone"
7.244044,"Cyclist road injuries","Fracture of foot bone"
12.01715,"Drowning","Fracture of foot bone"
.3152699,"Pulmonary aspiration and foreign body in airway","Fracture of foot bone"
8.530521,"Fire, heat, and hot substances","Fracture of foot bone"
101.763,"Other exposure to mechanical forces","Fracture of foot bone"
1.862676,"Assault by other means","Fracture of foot bone"
22.82234,"Motor vehicle road injuries","Fracture of foot bone"
1.300532,"Self-harm","Fracture of foot bone"
2.942017,"Venomous animal contact","Fracture of foot bone"
7.236969,"Animal contact","Fracture of foot bone"
34.93163,"Pedestrian road injuries by road vehicle","Fracture of foot bone"
4.804968,"Interpersonal violence","Fracture of foot bone"
161.6512,"Falls","Fracture of foot bone"
.2531784,"Unintentional suffocation","Fracture of foot bone"
61.86461,"Motorcyclist road injuries","Fracture of foot bone"
1.577828,"Assault by firearm","Fracture of foot bone"
128.3434,"Road injuries","Fracture of foot bone"
.1884902,"Foreign body in eyes","Fracture of foot bone"
1.364464,"Assault by sharp object","Fracture of foot bone"
21.37289,"Other transport injuries","Fracture of foot bone"
4.294952,"Non-venomous animal contact","Fracture of foot bone"
.1967958,"Poisonings","Fracture of foot bone"
1.01174,"Foreign body in other body part","Fracture of foot bone"
1.480781,"Other road injuries","Fracture of foot bone"
22.85594,"Other unintentional injuries","Fracture of foot bone"
313.9129,"Other unintentional injuries","Fracture of hand bone"
3.253429,"Assault by firearm","Fracture of hand bone"
38.50914,"Pedestrian road injuries by road vehicle","Fracture of hand bone"
2579.503,"Other exposure to mechanical forces","Fracture of hand bone"
13.32477,"Unintentional suffocation","Fracture of hand bone"
3.39845,"Self-harm","Fracture of hand bone"
19.29966,"Fire, heat, and hot substances","Fracture of hand bone"
261.3793,"Falls","Fracture of hand bone"
36.78332,"Assault by other means","Fracture of hand bone"
.2075972,"Foreign body in eyes","Fracture of hand bone"
134.0089,"Other transport injuries","Fracture of hand bone"
2625.162,"Exposure to mechanical forces","Fracture of hand bone"
.567401,"Pulmonary aspiration and foreign body in airway","Fracture of hand bone"
5.989626,"Foreign body in other body part","Fracture of hand bone"
32.33423,"Unintentional firearm injuries","Fracture of hand bone"
28.07921,"Animal contact","Fracture of hand bone"
60.56768,"Motor vehicle road injuries","Fracture of hand bone"
11.0693,"Drowning","Fracture of hand bone"
8.091372,"Assault by sharp object","Fracture of hand bone"
.352636,"Poisonings","Fracture of hand bone"
40.05079,"Cyclist road injuries","Fracture of hand bone"
3.159285,"Other road injuries","Fracture of hand bone"
9.729991,"Venomous animal contact","Fracture of hand bone"
211.8481,"Road injuries","Fracture of hand bone"
48.12812,"Interpersonal violence","Fracture of hand bone"
18.34923,"Non-venomous animal contact","Fracture of hand bone"
69.56122,"Motorcyclist road injuries","Fracture of hand bone"
242.3914,"Other transport injuries","Fracture of neck of femur"
593.7239,"Motorcyclist road injuries","Fracture of neck of femur"
82.44106,"Foreign body in eyes","Fracture of neck of femur"
5.505064,"Poisonings","Fracture of neck of femur"
77.08672,"Other road injuries","Fracture of neck of femur"
640.3449,"Pedestrian road injuries by road vehicle","Fracture of neck of femur"
56.79793,"Interpersonal violence","Fracture of neck of femur"
10.92326,"Assault by sharp object","Fracture of neck of femur"
3.118583,"Unintentional suffocation","Fracture of neck of femur"
683.2201,"Drowning","Fracture of neck of femur"
281.3142,"Other exposure to mechanical forces","Fracture of neck of femur"
26.65879,"Assault by other means","Fracture of neck of femur"
26.0806,"Venomous animal contact","Fracture of neck of femur"
153.0438,"Cyclist road injuries","Fracture of neck of femur"
16.23436,"Non-venomous animal contact","Fracture of neck of femur"
89.1204,"Other unintentional injuries","Fracture of neck of femur"
2155.436,"Road injuries","Fracture of neck of femur"
6.719388,"Self-harm","Fracture of neck of femur"
7.345654,"Foreign body in other body part","Fracture of neck of femur"
147.6442,"Unintentional firearm injuries","Fracture of neck of femur"
31.05946,"Pulmonary aspiration and foreign body in airway","Fracture of neck of femur"
19.2159,"Assault by firearm","Fracture of neck of femur"
42.31495,"Animal contact","Fracture of neck of femur"
432.077,"Exposure to mechanical forces","Fracture of neck of femur"
2066.987,"Falls","Fracture of neck of femur"
691.2361,"Motor vehicle road injuries","Fracture of neck of femur"
69.96376,"Fire, heat, and hot substances","Fracture of neck of femur"
149.2361,"Animal contact","Fracture of patella, tibia, fibula, or ankle"
1192.231,"Motorcyclist road injuries","Fracture of patella, tibia, fibula, or ankle"
69.4311,"Other road injuries","Fracture of patella, tibia, fibula, or ankle"
2975.891,"Exposure to mechanical forces","Fracture of patella, tibia, fibula, or ankle"
101.7533,"Assault by other means","Fracture of patella, tibia, fibula, or ankle"
1.660302,"Foreign body in eyes","Fracture of patella, tibia, fibula, or ankle"
2.365043,"Pulmonary aspiration and foreign body in airway","Fracture of patella, tibia, fibula, or ankle"
1920.178,"Motor vehicle road injuries","Fracture of patella, tibia, fibula, or ankle"
101.3321,"Fire, heat, and hot substances","Fracture of patella, tibia, fibula, or ankle"
10.1566,"Foreign body in other body part","Fracture of patella, tibia, fibula, or ankle"
2797.828,"Falls","Fracture of patella, tibia, fibula, or ankle"
157.9681,"Unintentional firearm injuries","Fracture of patella, tibia, fibula, or ankle"
1092.903,"Other transport injuries","Fracture of patella, tibia, fibula, or ankle"
5.096976,"Poisonings","Fracture of patella, tibia, fibula, or ankle"
111.1614,"Non-venomous animal contact","Fracture of patella, tibia, fibula, or ankle"
542.844,"Cyclist road injuries","Fracture of patella, tibia, fibula, or ankle"
2748.437,"Other exposure to mechanical forces","Fracture of patella, tibia, fibula, or ankle"
69.48617,"Unintentional suffocation","Fracture of patella, tibia, fibula, or ankle"
58.55104,"Assault by firearm","Fracture of patella, tibia, fibula, or ankle"
38.07466,"Venomous animal contact","Fracture of patella, tibia, fibula, or ankle"
4739.218,"Road injuries","Fracture of patella, tibia, fibula, or ankle"
1024.329,"Other unintentional injuries","Fracture of patella, tibia, fibula, or ankle"
196.1457,"Interpersonal violence","Fracture of patella, tibia, fibula, or ankle"
132.8228,"Drowning","Fracture of patella, tibia, fibula, or ankle"
35.84142,"Assault by sharp object","Fracture of patella, tibia, fibula, or ankle"
10.65921,"Self-harm","Fracture of patella, tibia, fibula, or ankle"
1014.535,"Pedestrian road injuries by road vehicle","Fracture of patella, tibia, fibula, or ankle"
13.2404,"Animal contact","Fracture of pelvis"
186.0683,"Falls","Fracture of pelvis"
8.116733,"Non-venomous animal contact","Fracture of pelvis"
109.1574,"Motorcyclist road injuries","Fracture of pelvis"
300.3,"Motor vehicle road injuries","Fracture of pelvis"
16.1228,"Interpersonal violence","Fracture of pelvis"
5.12367,"Venomous animal contact","Fracture of pelvis"
140.9605,"Other unintentional injuries","Fracture of pelvis"
3.813666,"Unintentional suffocation","Fracture of pelvis"
11.32607,"Fire, heat, and hot substances","Fracture of pelvis"
582.3817,"Road injuries","Fracture of pelvis"
.6399105,"Pulmonary aspiration and foreign body in airway","Fracture of pelvis"
5.989997,"Other road injuries","Fracture of pelvis"
1.305139,"Self-harm","Fracture of pelvis"
31.17434,"Cyclist road injuries","Fracture of pelvis"
.6094086,"Poisonings","Fracture of pelvis"
.1904688,"Foreign body in eyes","Fracture of pelvis"
135.7601,"Pedestrian road injuries by road vehicle","Fracture of pelvis"
4.453132,"Assault by firearm","Fracture of pelvis"
190.0144,"Other transport injuries","Fracture of pelvis"
9.457152,"Assault by other means","Fracture of pelvis"
2.212515,"Assault by sharp object","Fracture of pelvis"
440.336,"Exposure to mechanical forces","Fracture of pelvis"
406.4977,"Other exposure to mechanical forces","Fracture of pelvis"
11.99876,"Drowning","Fracture of pelvis"
30.0246,"Unintentional firearm injuries","Fracture of pelvis"
.4929088,"Foreign body in other body part","Fracture of pelvis"
52.98322,"Motor vehicle road injuries","Fracture of radius or ulna"
3.766368,"Assault by firearm","Fracture of radius or ulna"
.1476539,"Poisonings","Fracture of radius or ulna"
94.66945,"Exposure to mechanical forces","Fracture of radius or ulna"
1.817826,"Fire, heat, and hot substances","Fracture of radius or ulna"
.2959797,"Self-harm","Fracture of radius or ulna"
8.636543,"Other road injuries","Fracture of radius or ulna"
2.180808,"Assault by sharp object","Fracture of radius or ulna"
.7001362,"Foreign body in other body part","Fracture of radius or ulna"
12.96727,"Interpersonal violence","Fracture of radius or ulna"
2.894127,"Unintentional firearm injuries","Fracture of radius or ulna"
163.8878,"Road injuries","Fracture of radius or ulna"
368.6187,"Falls","Fracture of radius or ulna"
19.92309,"Pedestrian road injuries by road vehicle","Fracture of radius or ulna"
3.331935,"Unintentional suffocation","Fracture of radius or ulna"
2.895782,"Non-venomous animal contact","Fracture of radius or ulna"
7.020088,"Assault by other means","Fracture of radius or ulna"
69.35094,"Other transport injuries","Fracture of radius or ulna"
88.44337,"Other exposure to mechanical forces","Fracture of radius or ulna"
50.11104,"Other unintentional injuries","Fracture of radius or ulna"
.0354195,"Foreign body in eyes","Fracture of radius or ulna"
24.7272,"Motorcyclist road injuries","Fracture of radius or ulna"
.5509929,"Venomous animal contact","Fracture of radius or ulna"
.2939104,"Pulmonary aspiration and foreign body in airway","Fracture of radius or ulna"
1.515938,"Drowning","Fracture of radius or ulna"
57.6177,"Cyclist road injuries","Fracture of radius or ulna"
3.446775,"Animal contact","Fracture of radius or ulna"
53.97931,"Assault by other means","Fracture of skull"
13.30446,"Assault by sharp object","Fracture of skull"
166.2272,"Motorcyclist road injuries","Fracture of skull"
32.28654,"Cyclist road injuries","Fracture of skull"
8.478838,"Assault by firearm","Fracture of skull"
.2211764,"Poisonings","Fracture of skull"
484.347,"Exposure to mechanical forces","Fracture of skull"
61.83013,"Other unintentional injuries","Fracture of skull"
2.56032,"Venomous animal contact","Fracture of skull"
623.8514,"Road injuries","Fracture of skull"
189.527,"Motor vehicle road injuries","Fracture of skull"
75.7626,"Interpersonal violence","Fracture of skull"
.721243,"Drowning","Fracture of skull"
230.9894,"Pedestrian road injuries by road vehicle","Fracture of skull"
.1658808,"Pulmonary aspiration and foreign body in airway","Fracture of skull"
1.263385,"Foreign body in eyes","Fracture of skull"
12.86216,"Unintentional suffocation","Fracture of skull"
11.20556,"Non-venomous animal contact","Fracture of skull"
13.76588,"Animal contact","Fracture of skull"
455.0869,"Other exposure to mechanical forces","Fracture of skull"
4.821226,"Other road injuries","Fracture of skull"
16.39794,"Unintentional firearm injuries","Fracture of skull"
1.51321,"Self-harm","Fracture of skull"
431.6398,"Falls","Fracture of skull"
7.413343,"Fire, heat, and hot substances","Fracture of skull"
4.60042,"Foreign body in other body part","Fracture of skull"
79.213,"Other transport injuries","Fracture of skull"
4.031539,"Road injuries","Fracture of sternum or rib(s)"
.2098454,"Motorcyclist road injuries","Fracture of sternum or rib(s)"
1.614594,"Other exposure to mechanical forces","Fracture of sternum or rib(s)"
.7111647,"Other transport injuries","Fracture of sternum or rib(s)"
.0079781,"Drowning","Fracture of sternum or rib(s)"
.0812571,"Non-venomous animal contact","Fracture of sternum or rib(s)"
.4087455,"Pedestrian road injuries by road vehicle","Fracture of sternum or rib(s)"
.0733095,"Other road injuries","Fracture of sternum or rib(s)"
.809983,"Other unintentional injuries","Fracture of sternum or rib(s)"
.0105728,"Assault by sharp object","Fracture of sternum or rib(s)"
.0055857,"Fire, heat, and hot substances","Fracture of sternum or rib(s)"
.1407181,"Assault by other means","Fracture of sternum or rib(s)"
.1520521,"Interpersonal violence","Fracture of sternum or rib(s)"
1.642155,"Exposure to mechanical forces","Fracture of sternum or rib(s)"
.0093908,"Unintentional suffocation","Fracture of sternum or rib(s)"
6.805034,"Falls","Fracture of sternum or rib(s)"
.9706987,"Cyclist road injuries","Fracture of sternum or rib(s)"
.0007337,"Venomous animal contact","Fracture of sternum or rib(s)"
.0007612,"Assault by firearm","Fracture of sternum or rib(s)"
.0023815,"Pulmonary aspiration and foreign body in airway","Fracture of sternum or rib(s)"
2.36894,"Motor vehicle road injuries","Fracture of sternum or rib(s)"
.0014555,"Self-harm","Fracture of sternum or rib(s)"
.0000784,"Foreign body in eyes","Fracture of sternum or rib(s)"
.0004861,"Foreign body in other body part","Fracture of sternum or rib(s)"
.0181697,"Unintentional firearm injuries","Fracture of sternum or rib(s)"
.0819908,"Animal contact","Fracture of sternum or rib(s)"
.0003243,"Poisonings","Fracture of sternum or rib(s)"
859.8239,"Falls","Fracture of vertebral column"
6.560743,"Assault by sharp object","Fracture of vertebral column"
17.07288,"Drowning","Fracture of vertebral column"
327.4623,"Pedestrian road injuries by road vehicle","Fracture of vertebral column"
2.810522,"Foreign body in other body part","Fracture of vertebral column"
430.5742,"Motor vehicle road injuries","Fracture of vertebral column"
20.40194,"Non-venomous animal contact","Fracture of vertebral column"
3.382731,"Self-harm","Fracture of vertebral column"
50.90458,"Unintentional suffocation","Fracture of vertebral column"
305.4739,"Other transport injuries","Fracture of vertebral column"
52.63807,"Interpersonal violence","Fracture of vertebral column"
28.93965,"Assault by other means","Fracture of vertebral column"
126.8778,"Motorcyclist road injuries","Fracture of vertebral column"
379.024,"Cyclist road injuries","Fracture of vertebral column"
119.7731,"Unintentional firearm injuries","Fracture of vertebral column"
1629.813,"Other unintentional injuries","Fracture of vertebral column"
1.415218,"Pulmonary aspiration and foreign body in airway","Fracture of vertebral column"
17.13768,"Assault by firearm","Fracture of vertebral column"
23.71284,"Animal contact","Fracture of vertebral column"
.4323009,"Foreign body in eyes","Fracture of vertebral column"
1271.104,"Road injuries","Fracture of vertebral column"
7.165282,"Other road injuries","Fracture of vertebral column"
.6880678,"Poisonings","Fracture of vertebral column"
1691.993,"Other exposure to mechanical forces","Fracture of vertebral column"
3.310906,"Venomous animal contact","Fracture of vertebral column"
1862.671,"Exposure to mechanical forces","Fracture of vertebral column"
35.9267,"Fire, heat, and hot substances","Fracture of vertebral column"
44.20397,"Non-venomous animal contact","Fracture of femur, other than femoral neck"
49.89339,"Assault by other means","Fracture of femur, other than femoral neck"
2.958022,"Self-harm","Fracture of femur, other than femoral neck"
22.4929,"Unintentional suffocation","Fracture of femur, other than femoral neck"
2072.281,"Other exposure to mechanical forces","Fracture of femur, other than femoral neck"
1.838994,"Pulmonary aspiration and foreign body in airway","Fracture of femur, other than femoral neck"
1881.813,"Road injuries","Fracture of femur, other than femoral neck"
852.9873,"Motor vehicle road injuries","Fracture of femur, other than femoral neck"
1.116822,"Poisonings","Fracture of femur, other than femoral neck"
267.2449,"Other unintentional injuries","Fracture of femur, other than femoral neck"
72.19409,"Unintentional firearm injuries","Fracture of femur, other than femoral neck"
15.82744,"Assault by firearm","Fracture of femur, other than femoral neck"
42.37308,"Fire, heat, and hot substances","Fracture of femur, other than femoral neck"
441.8154,"Pedestrian road injuries by road vehicle","Fracture of femur, other than femoral neck"
58.86843,"Animal contact","Fracture of femur, other than femoral neck"
956.6993,"Falls","Fracture of femur, other than femoral neck"
15.64632,"Assault by sharp object","Fracture of femur, other than femoral neck"
14.66444,"Venomous animal contact","Fracture of femur, other than femoral neck"
11.69113,"Foreign body in other body part","Fracture of femur, other than femoral neck"
2166.969,"Exposure to mechanical forces","Fracture of femur, other than femoral neck"
157.9582,"Other transport injuries","Fracture of femur, other than femoral neck"
479.4002,"Motorcyclist road injuries","Fracture of femur, other than femoral neck"
.6034669,"Foreign body in eyes","Fracture of femur, other than femoral neck"
15.17869,"Other road injuries","Fracture of femur, other than femoral neck"
81.36716,"Interpersonal violence","Fracture of femur, other than femoral neck"
92.43137,"Cyclist road injuries","Fracture of femur, other than femoral neck"
49.52078,"Drowning","Fracture of femur, other than femoral neck"
13.97515,"Animal contact","Minor traumatic brain injury"
.2579149,"Foreign body in eyes","Minor traumatic brain injury"
67.56973,"Other transport injuries","Minor traumatic brain injury"
349.5891,"Other exposure to mechanical forces","Minor traumatic brain injury"
5.380673,"Assault by firearm","Minor traumatic brain injury"
61.99248,"Other unintentional injuries","Minor traumatic brain injury"
2.710174,"Unintentional suffocation","Minor traumatic brain injury"
7.859267,"Unintentional firearm injuries","Minor traumatic brain injury"
194.7887,"Motor vehicle road injuries","Minor traumatic brain injury"
70.04074,"Cyclist road injuries","Minor traumatic brain injury"
200.8674,"Falls","Minor traumatic brain injury"
3.872186,"Venomous animal contact","Minor traumatic brain injury"
437.5026,"Road injuries","Minor traumatic brain injury"
55.38908,"Assault by other means","Minor traumatic brain injury"
.3114003,"Pulmonary aspiration and foreign body in airway","Minor traumatic brain injury"
10.10297,"Non-venomous animal contact","Minor traumatic brain injury"
.8795455,"Poisonings","Minor traumatic brain injury"
5.032644,"Assault by sharp object","Minor traumatic brain injury"
.7252573,"Foreign body in other body part","Minor traumatic brain injury"
4.723995,"Other road injuries","Minor traumatic brain injury"
11.95888,"Fire, heat, and hot substances","Minor traumatic brain injury"
65.8024,"Interpersonal violence","Minor traumatic brain injury"
71.11491,"Motorcyclist road injuries","Minor traumatic brain injury"
6.352036,"Drowning","Minor traumatic brain injury"
96.8342,"Pedestrian road injuries by road vehicle","Minor traumatic brain injury"
1.308371,"Self-harm","Minor traumatic brain injury"
360.1585,"Exposure to mechanical forces","Minor traumatic brain injury"
1654.401,"Falls","Moderate to severe traumatic brain injury"
9.462854,"Self-harm","Moderate to severe traumatic brain injury"
639.4102,"Motorcyclist road injuries","Moderate to severe traumatic brain injury"
521.2676,"Other exposure to mechanical forces","Moderate to severe traumatic brain injury"
17.17597,"Unintentional suffocation","Moderate to severe traumatic brain injury"
268.0372,"Cyclist road injuries","Moderate to severe traumatic brain injury"
82.69676,"Other unintentional injuries","Moderate to severe traumatic brain injury"
130.7398,"Interpersonal violence","Moderate to severe traumatic brain injury"
18.5017,"Assault by sharp object","Moderate to severe traumatic brain injury"
2.984425,"Poisonings","Moderate to severe traumatic brain injury"
3.040136,"Foreign body in other body part","Moderate to severe traumatic brain injury"
117.4766,"Other transport injuries","Moderate to severe traumatic brain injury"
16.49089,"Venomous animal contact","Moderate to severe traumatic brain injury"
71.37887,"Foreign body in eyes","Moderate to severe traumatic brain injury"
70.05711,"Animal contact","Moderate to severe traumatic brain injury"
38.19965,"Other road injuries","Moderate to severe traumatic brain injury"
708.0151,"Pedestrian road injuries by road vehicle","Moderate to severe traumatic brain injury"
53.56622,"Non-venomous animal contact","Moderate to severe traumatic brain injury"
20.50835,"Unintentional firearm injuries","Moderate to severe traumatic brain injury"
558.9521,"Exposure to mechanical forces","Moderate to severe traumatic brain injury"
31.10453,"Drowning","Moderate to severe traumatic brain injury"
105.2763,"Assault by other means","Moderate to severe traumatic brain injury"
45.36563,"Fire, heat, and hot substances","Moderate to severe traumatic brain injury"
1.290582,"Pulmonary aspiration and foreign body in airway","Moderate to severe traumatic brain injury"
2573.243,"Road injuries","Moderate to severe traumatic brain injury"
6.961843,"Assault by firearm","Moderate to severe traumatic brain injury"
919.582,"Motor vehicle road injuries","Moderate to severe traumatic brain injury"
125.7655,"Other exposure to mechanical forces","Amputation of finger (excluding thumb)"
.4596041,"Animal contact","Amputation of finger (excluding thumb)"
.0968575,"Self-harm","Amputation of finger (excluding thumb)"
.4296241,"Falls","Amputation of finger (excluding thumb)"
.217897,"Fire, heat, and hot substances","Amputation of finger (excluding thumb)"
.4596041,"Non-venomous animal contact","Amputation of finger (excluding thumb)"
.0859837,"Assault by other means","Amputation of finger (excluding thumb)"
.050325,"Drowning","Amputation of finger (excluding thumb)"
.0002577,"Other road injuries","Amputation of finger (excluding thumb)"
12.76725,"Other unintentional injuries","Amputation of finger (excluding thumb)"
127.7387,"Exposure to mechanical forces","Amputation of finger (excluding thumb)"
.6017048,"Assault by sharp object","Amputation of finger (excluding thumb)"
.5102928,"Foreign body in other body part","Amputation of finger (excluding thumb)"
.1745485,"Cyclist road injuries","Amputation of finger (excluding thumb)"
.1563937,"Pedestrian road injuries by road vehicle","Amputation of finger (excluding thumb)"
1.341795,"Road injuries","Amputation of finger (excluding thumb)"
.8559684,"Motor vehicle road injuries","Amputation of finger (excluding thumb)"
.0890925,"Assault by firearm","Amputation of finger (excluding thumb)"
1.337544,"Unintentional firearm injuries","Amputation of finger (excluding thumb)"
.1546263,"Motorcyclist road injuries","Amputation of finger (excluding thumb)"
3.323656,"Other transport injuries","Amputation of finger (excluding thumb)"
.776781,"Interpersonal violence","Amputation of finger (excluding thumb)"
.6355907,"Unintentional suffocation","Amputation of finger (excluding thumb)"
2.327917,"Assault by firearm","Spinal cord lesion at neck level"
.5289387,"Pulmonary aspiration and foreign body in airway","Spinal cord lesion at neck level"
15.6207,"Pedestrian road injuries by road vehicle","Spinal cord lesion at neck level"
1.454257,"Fire, heat, and hot substances","Spinal cord lesion at neck level"
46.86853,"Motor vehicle road injuries","Spinal cord lesion at neck level"
21.71282,"Motorcyclist road injuries","Spinal cord lesion at neck level"
1.062027,"Poisonings","Spinal cord lesion at neck level"
.2714742,"Foreign body in other body part","Spinal cord lesion at neck level"
2.454726,"Non-venomous animal contact","Spinal cord lesion at neck level"
.6148153,"Venomous animal contact","Spinal cord lesion at neck level"
6.874126,"Interpersonal violence","Spinal cord lesion at neck level"
65.51997,"Exposure to mechanical forces","Spinal cord lesion at neck level"
8.991364,"Cyclist road injuries","Spinal cord lesion at neck level"
46.66202,"Other exposure to mechanical forces","Spinal cord lesion at neck level"
94.95897,"Road injuries","Spinal cord lesion at neck level"
4.526103,"Other unintentional injuries","Spinal cord lesion at neck level"
3.095362,"Assault by other means","Spinal cord lesion at neck level"
1.765539,"Other road injuries","Spinal cord lesion at neck level"
7.815467,"Unintentional suffocation","Spinal cord lesion at neck level"
146.8602,"Foreign body in eyes","Spinal cord lesion at neck level"
2.833182,"Other transport injuries","Spinal cord lesion at neck level"
3.06954,"Animal contact","Spinal cord lesion at neck level"
11.04249,"Unintentional firearm injuries","Spinal cord lesion at neck level"
.8488104,"Self-harm","Spinal cord lesion at neck level"
8.526124,"Drowning","Spinal cord lesion at neck level"
1.450848,"Assault by sharp object","Spinal cord lesion at neck level"
64.88326,"Falls","Spinal cord lesion at neck level"
16.85188,"Unintentional suffocation","Spinal cord lesion below neck level"
71.92905,"Cyclist road injuries","Spinal cord lesion below neck level"
4.327041,"Venomous animal contact","Spinal cord lesion below neck level"
102.5569,"Assault by sharp object","Spinal cord lesion below neck level"
669.7615,"Motor vehicle road injuries","Spinal cord lesion below neck level"
382.8498,"Assault by other means","Spinal cord lesion below neck level"
15.78231,"Self-harm","Spinal cord lesion below neck level"
1.695559,"Foreign body in other body part","Spinal cord lesion below neck level"
154.5706,"Other unintentional injuries","Spinal cord lesion below neck level"
.8653618,"Pulmonary aspiration and foreign body in airway","Spinal cord lesion below neck level"
10351.56,"Exposure to mechanical forces","Spinal cord lesion below neck level"
35.82204,"Other road injuries","Spinal cord lesion below neck level"
439.8825,"Animal contact","Spinal cord lesion below neck level"
432.4535,"Motorcyclist road injuries","Spinal cord lesion below neck level"
16.79209,"Other transport injuries","Spinal cord lesion below neck level"
231.6525,"Pedestrian road injuries by road vehicle","Spinal cord lesion below neck level"
24.64727,"Drowning","Spinal cord lesion below neck level"
1098.085,"Fire, heat, and hot substances","Spinal cord lesion below neck level"
10298.75,"Other exposure to mechanical forces","Spinal cord lesion below neck level"
496.4059,"Interpersonal violence","Spinal cord lesion below neck level"
435.5556,"Non-venomous animal contact","Spinal cord lesion below neck level"
1441.619,"Road injuries","Spinal cord lesion below neck level"
10.99907,"Assault by firearm","Spinal cord lesion below neck level"
35.9616,"Unintentional firearm injuries","Spinal cord lesion below neck level"
125.1576,"Foreign body in eyes","Spinal cord lesion below neck level"
11.5333,"Poisonings","Spinal cord lesion below neck level"
3532.201,"Falls","Spinal cord lesion below neck level"
1.06005,"Other transport injuries","Non-fatal submersion"
.4040576,"Motor vehicle road injuries","Non-fatal submersion"
.3891859,"Interpersonal violence","Non-fatal submersion"
.0065929,"Other road injuries","Non-fatal submersion"
.5943302,"Fire, heat, and hot substances","Non-fatal submersion"
4.754167,"Falls","Non-fatal submersion"
.028531,"Motorcyclist road injuries","Non-fatal submersion"
.1441654,"Other exposure to mechanical forces","Non-fatal submersion"
.0562106,"Cyclist road injuries","Non-fatal submersion"
.8180491,"Exposure to mechanical forces","Non-fatal submersion"
.179332,"Self-harm","Non-fatal submersion"
.0244381,"Unintentional firearm injuries","Non-fatal submersion"
.5698514,"Pulmonary aspiration and foreign body in airway","Non-fatal submersion"
.3151369,"Assault by other means","Non-fatal submersion"
.0901224,"Poisonings","Non-fatal submersion"
.3822724,"Venomous animal contact","Non-fatal submersion"
.5213916,"Other unintentional injuries","Non-fatal submersion"
.683318,"Animal contact","Non-fatal submersion"
.3385924,"Pedestrian road injuries by road vehicle","Non-fatal submersion"
.8339846,"Road injuries","Non-fatal submersion"
.0829262,"Foreign body in other body part","Non-fatal submersion"
.0073818,"Assault by firearm","Non-fatal submersion"
.6494457,"Unintentional suffocation","Non-fatal submersion"
.3010456,"Non-venomous animal contact","Non-fatal submersion"
152.7052,"Drowning","Non-fatal submersion"
.0666674,"Assault by sharp object","Non-fatal submersion"
3.319185,"Interpersonal violence","Crush injury"
63.32571,"Falls","Crush injury"
47.60414,"Pedestrian road injuries by road vehicle","Crush injury"
2.810659,"Non-venomous animal contact","Crush injury"
148.9863,"Road injuries","Crush injury"
.9971611,"Venomous animal contact","Crush injury"
1.866518,"Unintentional firearm injuries","Crush injury"
1.317925,"Assault by sharp object","Crush injury"
32.35295,"Other transport injuries","Crush injury"
1.365764,"Unintentional suffocation","Crush injury"
.1122966,"Poisonings","Crush injury"
1.670917,"Assault by other means","Crush injury"
49.59536,"Motorcyclist road injuries","Crush injury"
2.089967,"Foreign body in eyes","Crush injury"
6.384237,"Fire, heat, and hot substances","Crush injury"
19.83152,"Other unintentional injuries","Crush injury"
.0943253,"Pulmonary aspiration and foreign body in airway","Crush injury"
2.521721,"Foreign body in other body part","Crush injury"
1.245216,"Self-harm","Crush injury"
39.19836,"Motor vehicle road injuries","Crush injury"
1.333173,"Drowning","Crush injury"
562.3988,"Other exposure to mechanical forces","Crush injury"
.3303442,"Assault by firearm","Crush injury"
3.807819,"Animal contact","Crush injury"
1.231911,"Other road injuries","Crush injury"
565.6312,"Exposure to mechanical forces","Crush injury"
11.35648,"Cyclist road injuries","Crush injury"
14.83585,"Other transport injuries","Injured nerves"
24.75645,"Unintentional firearm injuries","Injured nerves"
309.3369,"Exposure to mechanical forces","Injured nerves"
3.454049,"Assault by firearm","Injured nerves"
9.233706,"Non-venomous animal contact","Injured nerves"
14.60996,"Assault by sharp object","Injured nerves"
283.6421,"Other exposure to mechanical forces","Injured nerves"
12.0707,"Fire, heat, and hot substances","Injured nerves"
106.8002,"Road injuries","Injured nerves"
1.050071,"Other road injuries","Injured nerves"
.2564232,"Poisonings","Injured nerves"
28.85349,"Motorcyclist road injuries","Injured nerves"
26.88814,"Interpersonal violence","Injured nerves"
6.388623,"Foreign body in eyes","Injured nerves"
5.878171,"Self-harm","Injured nerves"
13.38367,"Drowning","Injured nerves"
12.72378,"Animal contact","Injured nerves"
8.824136,"Assault by other means","Injured nerves"
3.490074,"Venomous animal contact","Injured nerves"
7.15843,"Foreign body in other body part","Injured nerves"
.9382861,"Unintentional suffocation","Injured nerves"
21.7695,"Other unintentional injuries","Injured nerves"
7.62327,"Cyclist road injuries","Injured nerves"
152.7002,"Falls","Injured nerves"
40.92811,"Motor vehicle road injuries","Injured nerves"
28.34524,"Pedestrian road injuries by road vehicle","Injured nerves"
.6792354,"Pulmonary aspiration and foreign body in airway","Injured nerves"
.9201766,"Drowning","Injury to eyes (including foreign body eye)"
18.26841,"Road injuries","Injury to eyes (including foreign body eye)"
6.087913,"Interpersonal violence","Injury to eyes (including foreign body eye)"
.1289503,"Poisonings","Injury to eyes (including foreign body eye)"
1.829279,"Cyclist road injuries","Injury to eyes (including foreign body eye)"
18.05825,"Falls","Injury to eyes (including foreign body eye)"
27.44677,"Non-venomous animal contact","Injury to eyes (including foreign body eye)"
1.110901,"Venomous animal contact","Injury to eyes (including foreign body eye)"
5.962344,"Pedestrian road injuries by road vehicle","Injury to eyes (including foreign body eye)"
12.16659,"Foreign body in eyes","Injury to eyes (including foreign body eye)"
129.0336,"Other exposure to mechanical forces","Injury to eyes (including foreign body eye)"
40.49481,"Foreign body in other body part","Injury to eyes (including foreign body eye)"
.1342547,"Pulmonary aspiration and foreign body in airway","Injury to eyes (including foreign body eye)"
28.55767,"Animal contact","Injury to eyes (including foreign body eye)"
132.1781,"Exposure to mechanical forces","Injury to eyes (including foreign body eye)"
3.396631,"Motorcyclist road injuries","Injury to eyes (including foreign body eye)"
.327965,"Self-harm","Injury to eyes (including foreign body eye)"
9.559862,"Fire, heat, and hot substances","Injury to eyes (including foreign body eye)"
3.208166,"Assault by other means","Injury to eyes (including foreign body eye)"
.7870022,"Other transport injuries","Injury to eyes (including foreign body eye)"
9.667693,"Other unintentional injuries","Injury to eyes (including foreign body eye)"
6.847724,"Motor vehicle road injuries","Injury to eyes (including foreign body eye)"
.4574025,"Assault by firearm","Injury to eyes (including foreign body eye)"
3.144501,"Unintentional firearm injuries","Injury to eyes (including foreign body eye)"
2.422343,"Assault by sharp object","Injury to eyes (including foreign body eye)"
.2324351,"Other road injuries","Injury to eyes (including foreign body eye)"
180.6022,"Foreign body in other body part","Open wound"
108.2936,"Fire, heat, and hot substances","Open wound"
253.2569,"Motorcyclist road injuries","Open wound"
135.3707,"Unintentional firearm injuries","Open wound"
313.6515,"Interpersonal violence","Open wound"
.9520807,"Pulmonary aspiration and foreign body in airway","Open wound"
1268.947,"Road injuries","Open wound"
83.23219,"Other transport injuries","Open wound"
25.60996,"Self-harm","Open wound"
16.41796,"Drowning","Open wound"
150.8002,"Assault by other means","Open wound"
2.174506,"Foreign body in eyes","Open wound"
.9990187,"Poisonings","Open wound"
128.8942,"Assault by sharp object","Open wound"
2541.905,"Non-venomous animal contact","Open wound"
5787.039,"Other exposure to mechanical forces","Open wound"
441.975,"Motor vehicle road injuries","Open wound"
1494.707,"Falls","Open wound"
97.15356,"Venomous animal contact","Open wound"
305.5005,"Cyclist road injuries","Open wound"
8.916561,"Other road injuries","Open wound"
2639.06,"Animal contact","Open wound"
51.09149,"Unintentional suffocation","Open wound"
478.8781,"Other unintentional injuries","Open wound"
33.95725,"Assault by firearm","Open wound"
5973.5,"Exposure to mechanical forces","Open wound"
259.2976,"Pedestrian road injuries by road vehicle","Open wound"
25.84377,"Pedestrian road injuries by road vehicle","Poisoning"
320.2317,"Fire, heat, and hot substances","Poisoning"
60.32493,"Assault by other means","Poisoning"
120.9643,"Exposure to mechanical forces","Poisoning"
2.175893,"Cyclist road injuries","Poisoning"
4.549175,"Assault by sharp object","Poisoning"
2258.324,"Animal contact","Poisoning"
1.163027,"Foreign body in eyes","Poisoning"
11.6012,"Assault by firearm","Poisoning"
134.2828,"Non-venomous animal contact","Poisoning"
76.72639,"Other exposure to mechanical forces","Poisoning"
156.3166,"Self-harm","Poisoning"
125.9015,"Foreign body in other body part","Poisoning"
2124.042,"Venomous animal contact","Poisoning"
13.57934,"Motor vehicle road injuries","Poisoning"
76.47529,"Interpersonal violence","Poisoning"
.3275514,"Other road injuries","Poisoning"
900.1309,"Other unintentional injuries","Poisoning"
14.57645,"Pulmonary aspiration and foreign body in airway","Poisoning"
89.6669,"Falls","Poisoning"
88.68974,"Other transport injuries","Poisoning"
4.256576,"Motorcyclist road injuries","Poisoning"
21.72225,"Unintentional firearm injuries","Poisoning"
844.6035,"Poisonings","Poisoning"
36.4882,"Drowning","Poisoning"
46.18312,"Road injuries","Poisoning"
22.51564,"Unintentional suffocation","Poisoning"
2.361837,"Fire, heat, and hot substances","Severe chest Injury"
.70504,"Other road injuries","Severe chest Injury"
2.182816,"Assault by firearm","Severe chest Injury"
.8410327,"Drowning","Severe chest Injury"
.7974951,"Foreign body in other body part","Severe chest Injury"
6.031922,"Assault by sharp object","Severe chest Injury"
11.02639,"Other transport injuries","Severe chest Injury"
.1044931,"Foreign body in eyes","Severe chest Injury"
.4914963,"Unintentional suffocation","Severe chest Injury"
26.87701,"Motor vehicle road injuries","Severe chest Injury"
21.52532,"Other exposure to mechanical forces","Severe chest Injury"
17.55766,"Other unintentional injuries","Severe chest Injury"
1.144379,"Venomous animal contact","Severe chest Injury"
3.631102,"Animal contact","Severe chest Injury"
.7947946,"Self-harm","Severe chest Injury"
51.75946,"Road injuries","Severe chest Injury"
9.618001,"Pedestrian road injuries by road vehicle","Severe chest Injury"
.316289,"Pulmonary aspiration and foreign body in airway","Severe chest Injury"
2.025718,"Assault by other means","Severe chest Injury"
28.65093,"Exposure to mechanical forces","Severe chest Injury"
.0988616,"Poisonings","Severe chest Injury"
5.036631,"Cyclist road injuries","Severe chest Injury"
10.24046,"Interpersonal violence","Severe chest Injury"
2.486723,"Non-venomous animal contact","Severe chest Injury"
6.634109,"Unintentional firearm injuries","Severe chest Injury"
9.522793,"Motorcyclist road injuries","Severe chest Injury"
36.46753,"Falls","Severe chest Injury"
1910.182,"Exposure to mechanical forces","Internal hemorrhage in abdomen or pelvis"
30.20963,"Assault by other means","Internal hemorrhage in abdomen or pelvis"
735.3848,"Road injuries","Internal hemorrhage in abdomen or pelvis"
135.829,"Other transport injuries","Internal hemorrhage in abdomen or pelvis"
324.8283,"Other unintentional injuries","Internal hemorrhage in abdomen or pelvis"
1764.779,"Other exposure to mechanical forces","Internal hemorrhage in abdomen or pelvis"
36.55267,"Cyclist road injuries","Internal hemorrhage in abdomen or pelvis"
8.843379,"Self-harm","Internal hemorrhage in abdomen or pelvis"
5.19572,"Poisonings","Internal hemorrhage in abdomen or pelvis"
4.379928,"Other road injuries","Internal hemorrhage in abdomen or pelvis"
109.0915,"Unintentional firearm injuries","Internal hemorrhage in abdomen or pelvis"
259.6663,"Pedestrian road injuries by road vehicle","Internal hemorrhage in abdomen or pelvis"
225.6114,"Motor vehicle road injuries","Internal hemorrhage in abdomen or pelvis"
321.4856,"Falls","Internal hemorrhage in abdomen or pelvis"
73.62213,"Assault by sharp object","Internal hemorrhage in abdomen or pelvis"
1.894824,"Pulmonary aspiration and foreign body in airway","Internal hemorrhage in abdomen or pelvis"
11.1402,"Drowning","Internal hemorrhage in abdomen or pelvis"
539.7993,"Fire, heat, and hot substances","Internal hemorrhage in abdomen or pelvis"
29.8638,"Assault by firearm","Internal hemorrhage in abdomen or pelvis"
24.18607,"Foreign body in eyes","Internal hemorrhage in abdomen or pelvis"
79.75164,"Venomous animal contact","Internal hemorrhage in abdomen or pelvis"
133.6955,"Interpersonal violence","Internal hemorrhage in abdomen or pelvis"
36.3125,"Unintentional suffocation","Internal hemorrhage in abdomen or pelvis"
209.1744,"Motorcyclist road injuries","Internal hemorrhage in abdomen or pelvis"
145.451,"Animal contact","Internal hemorrhage in abdomen or pelvis"
136.5244,"Foreign body in other body part","Internal hemorrhage in abdomen or pelvis"
65.69937,"Non-venomous animal contact","Internal hemorrhage in abdomen or pelvis"
3.013906,"Other road injuries","Contusion"
27.48237,"Animal contact","Contusion"
4.046459,"Assault by firearm","Contusion"
57.35666,"Pedestrian road injuries by road vehicle","Contusion"
25.72988,"Cyclist road injuries","Contusion"
.4711802,"Poisonings","Contusion"
13.09191,"Unintentional firearm injuries","Contusion"
4.0991,"Drowning","Contusion"
1.187941,"Self-harm","Contusion"
209.5208,"Motor vehicle road injuries","Contusion"
.34296,"Foreign body in eyes","Contusion"
8.990526,"Foreign body in other body part","Contusion"
6.75263,"Assault by sharp object","Contusion"
5.140782,"Unintentional suffocation","Contusion"
73.64092,"Other transport injuries","Contusion"
1741.181,"Exposure to mechanical forces","Contusion"
132.188,"Other unintentional injuries","Contusion"
319.6554,"Road injuries","Contusion"
7.490572,"Fire, heat, and hot substances","Contusion"
24.03413,"Motorcyclist road injuries","Contusion"
29.32036,"Assault by other means","Contusion"
10.60641,"Venomous animal contact","Contusion"
40.11945,"Interpersonal violence","Contusion"
.10004,"Pulmonary aspiration and foreign body in airway","Contusion"
214.0106,"Falls","Contusion"
16.87597,"Non-venomous animal contact","Contusion"
1722.949,"Other exposure to mechanical forces","Contusion"
4.155352,"Venomous animal contact","Environmental factors (e.g. temperature, pressure, electricity)"
1.147225,"Poisonings","Environmental factors (e.g. temperature, pressure, electricity)"
1.125544,"Unintentional firearm injuries","Environmental factors (e.g. temperature, pressure, electricity)"
2.338953,"Self-harm","Environmental factors (e.g. temperature, pressure, electricity)"
5.837369,"Animal contact","Environmental factors (e.g. temperature, pressure, electricity)"
.0496683,"Other road injuries","Environmental factors (e.g. temperature, pressure, electricity)"
.3540603,"Pulmonary aspiration and foreign body in airway","Environmental factors (e.g. temperature, pressure, electricity)"
21.30792,"Drowning","Environmental factors (e.g. temperature, pressure, electricity)"
3.501821,"Motor vehicle road injuries","Environmental factors (e.g. temperature, pressure, electricity)"
10.70444,"Exposure to mechanical forces","Environmental factors (e.g. temperature, pressure, electricity)"
8.539821,"Other exposure to mechanical forces","Environmental factors (e.g. temperature, pressure, electricity)"
.1288638,"Foreign body in eyes","Environmental factors (e.g. temperature, pressure, electricity)"
1.682016,"Non-venomous animal contact","Environmental factors (e.g. temperature, pressure, electricity)"
.4674151,"Cyclist road injuries","Environmental factors (e.g. temperature, pressure, electricity)"
.4939302,"Assault by sharp object","Environmental factors (e.g. temperature, pressure, electricity)"
.7852302,"Foreign body in other body part","Environmental factors (e.g. temperature, pressure, electricity)"
1.36404,"Assault by other means","Environmental factors (e.g. temperature, pressure, electricity)"
17.18207,"Falls","Environmental factors (e.g. temperature, pressure, electricity)"
4.203565,"Motorcyclist road injuries","Environmental factors (e.g. temperature, pressure, electricity)"
.2811295,"Assault by firearm","Environmental factors (e.g. temperature, pressure, electricity)"
12.5761,"Road injuries","Environmental factors (e.g. temperature, pressure, electricity)"
4.353631,"Pedestrian road injuries by road vehicle","Environmental factors (e.g. temperature, pressure, electricity)"
3.508904,"Other transport injuries","Environmental factors (e.g. temperature, pressure, electricity)"
2.139099,"Interpersonal violence","Environmental factors (e.g. temperature, pressure, electricity)"
15.19366,"Other unintentional injuries","Environmental factors (e.g. temperature, pressure, electricity)"
1.039076,"Unintentional suffocation","Environmental factors (e.g. temperature, pressure, electricity)"
50.37351,"Fire, heat, and hot substances","Environmental factors (e.g. temperature, pressure, electricity)"
28.19776,"Assault by other means","Complications of medical treatment"
27.94469,"Unintentional firearm injuries","Complications of medical treatment"
82.2318,"Motorcyclist road injuries","Complications of medical treatment"
6.65676,"Assault by firearm","Complications of medical treatment"
3.015309,"Other road injuries","Complications of medical treatment"
48.33003,"Interpersonal violence","Complications of medical treatment"
20.082,"Non-venomous animal contact","Complications of medical treatment"
19.27281,"Cyclist road injuries","Complications of medical treatment"
133.3865,"Other transport injuries","Complications of medical treatment"
369.1093,"Road injuries","Complications of medical treatment"
83.4423,"Other unintentional injuries","Complications of medical treatment"
6.777683,"Pulmonary aspiration and foreign body in airway","Complications of medical treatment"
13.4755,"Assault by sharp object","Complications of medical treatment"
21.72025,"Foreign body in eyes","Complications of medical treatment"
48.00111,"Motor vehicle road injuries","Complications of medical treatment"
519.4009,"Falls","Complications of medical treatment"
54.8722,"Venomous animal contact","Complications of medical treatment"
214.0367,"Exposure to mechanical forces","Complications of medical treatment"
184.2147,"Other exposure to mechanical forces","Complications of medical treatment"
72.9861,"Drowning","Complications of medical treatment"
7391.682,"Adverse effects of medical treatment","Complications of medical treatment"
148.1683,"Fire, heat, and hot substances","Complications of medical treatment"
15.66906,"Self-harm","Complications of medical treatment"
1.8773,"Unintentional suffocation","Complications of medical treatment"
8.168109,"Poisonings","Complications of medical treatment"
74.95421,"Animal contact","Complications of medical treatment"
22.01547,"Foreign body in other body part","Complications of medical treatment"
216.5883,"Pedestrian road injuries by road vehicle","Complications of medical treatment"
174.7954,"Non-venomous animal contact","Multiple significant injuries"
.0010116,"Unintentional suffocation","Multiple significant injuries"
75.42757,"Unintentional firearm injuries","Multiple significant injuries"
88.78125,"Venomous animal contact","Multiple significant injuries"
268.14,"Cyclist road injuries","Multiple significant injuries"
102.8169,"Other unintentional injuries","Multiple significant injuries"
888.7664,"Exposure to mechanical forces","Multiple significant injuries"
38.2825,"Assault by sharp object","Multiple significant injuries"
51.83773,"Other road injuries","Multiple significant injuries"
8.815977,"Pulmonary aspiration and foreign body in airway","Multiple significant injuries"
352.5417,"Other transport injuries","Multiple significant injuries"
6175.375,"Road injuries","Multiple significant injuries"
1225.351,"Motorcyclist road injuries","Multiple significant injuries"
211.0406,"Interpersonal violence","Multiple significant injuries"
2430.838,"Motor vehicle road injuries","Multiple significant injuries"
2543.58,"Falls","Multiple significant injuries"
263.5766,"Animal contact","Multiple significant injuries"
2199.209,"Pedestrian road injuries by road vehicle","Multiple significant injuries"
11.89083,"Foreign body in other body part","Multiple significant injuries"
148.0965,"Assault by other means","Multiple significant injuries"
11.98769,"Self-harm","Multiple significant injuries"
24.66164,"Assault by firearm","Multiple significant injuries"
.1536123,"Foreign body in eyes","Multiple significant injuries"
3.55506,"Poisonings","Multiple significant injuries"
813.3376,"Other exposure to mechanical forces","Multiple significant injuries"
117.8447,"Fire, heat, and hot substances","Multiple significant injuries"
52.62621,"Drowning","Multiple significant injuries"
4.306055,"Drowning","Burns with <20% total burned surface area"
20.78119,"Pedestrian road injuries by road vehicle","Burns with <20% total burned surface area"
53.89932,"Falls","Burns with <20% total burned surface area"
10.57395,"Animal contact","Burns with <20% total burned surface area"
7.091105,"Venomous animal contact","Burns with <20% total burned surface area"
.3548028,"Foreign body in eyes","Burns with <20% total burned surface area"
211.3186,"Exposure to mechanical forces","Burns with <20% total burned surface area"
205.0736,"Other exposure to mechanical forces","Burns with <20% total burned surface area"
5.867682,"Unintentional firearm injuries","Burns with <20% total burned surface area"
23.06938,"Motor vehicle road injuries","Burns with <20% total burned surface area"
57.69838,"Other transport injuries","Burns with <20% total burned surface area"
.6772565,"Pulmonary aspiration and foreign body in airway","Burns with <20% total burned surface area"
141.0567,"Other unintentional injuries","Burns with <20% total burned surface area"
7.968251,"Poisonings","Burns with <20% total burned surface area"
26.70963,"Interpersonal violence","Burns with <20% total burned surface area"
1.573183,"Assault by sharp object","Burns with <20% total burned surface area"
29.5952,"Motorcyclist road injuries","Burns with <20% total burned surface area"
3.482842,"Non-venomous animal contact","Burns with <20% total burned surface area"
1144.301,"Fire, heat, and hot substances","Burns with <20% total burned surface area"
.6758906,"Assault by firearm","Burns with <20% total burned surface area"
2.248109,"Cyclist road injuries","Burns with <20% total burned surface area"
24.46055,"Assault by other means","Burns with <20% total burned surface area"
.2360909,"Other road injuries","Burns with <20% total burned surface area"
3.003578,"Foreign body in other body part","Burns with <20% total burned surface area"
75.92997,"Road injuries","Burns with <20% total burned surface area"
2.700745,"Self-harm","Burns with <20% total burned surface area"
.3774629,"Unintentional suffocation","Burns with <20% total burned surface area"
.9646832,"Assault by sharp object","Burns with >=20% total burned surface area or >=10% if burns include face and/or hands"
54.9146,"Falls","Burns with >=20% total burned surface area or >=10% if burns include face and/or hands"
21.85997,"Animal contact","Burns with >=20% total burned surface area or >=10% if burns include face and/or hands"
4.825594,"Non-venomous animal contact","Burns with >=20% total burned surface area or >=10% if burns include face and/or hands"
17.23244,"Motor vehicle road injuries","Burns with >=20% total burned surface area or >=10% if burns include face and/or hands"
.3904344,"Assault by firearm","Burns with >=20% total burned surface area or >=10% if burns include face and/or hands"
59.30239,"Pedestrian road injuries by road vehicle","Burns with >=20% total burned surface area or >=10% if burns include face and/or hands"
109.1557,"Other unintentional injuries","Burns with >=20% total burned surface area or >=10% if burns include face and/or hands"
82.69982,"Foreign body in eyes","Burns with >=20% total burned surface area or >=10% if burns include face and/or hands"
34.34058,"Motorcyclist road injuries","Burns with >=20% total burned surface area or >=10% if burns include face and/or hands"
4.445912,"Poisonings","Burns with >=20% total burned surface area or >=10% if burns include face and/or hands"
138.7726,"Other exposure to mechanical forces","Burns with >=20% total burned surface area or >=10% if burns include face and/or hands"
4.491222,"Unintentional firearm injuries","Burns with >=20% total burned surface area or >=10% if burns include face and/or hands"
.7608616,"Other road injuries","Burns with >=20% total burned surface area or >=10% if burns include face and/or hands"
19.04446,"Cyclist road injuries","Burns with >=20% total burned surface area or >=10% if burns include face and/or hands"
.6266896,"Foreign body in other body part","Burns with >=20% total burned surface area or >=10% if burns include face and/or hands"
7.897692,"Drowning","Burns with >=20% total burned surface area or >=10% if burns include face and/or hands"
20.03407,"Assault by other means","Burns with >=20% total burned surface area or >=10% if burns include face and/or hands"
17.03438,"Venomous animal contact","Burns with >=20% total burned surface area or >=10% if burns include face and/or hands"
2006.998,"Fire, heat, and hot substances","Burns with >=20% total burned surface area or >=10% if burns include face and/or hands"
21.38919,"Interpersonal violence","Burns with >=20% total burned surface area or >=10% if burns include face and/or hands"
130.6807,"Road injuries","Burns with >=20% total burned surface area or >=10% if burns include face and/or hands"
143.2638,"Exposure to mechanical forces","Burns with >=20% total burned surface area or >=10% if burns include face and/or hands"
1.261928,"Pulmonary aspiration and foreign body in airway","Burns with >=20% total burned surface area or >=10% if burns include face and/or hands"
7.041302,"Self-harm","Burns with >=20% total burned surface area or >=10% if burns include face and/or hands"
8.255644,"Other transport injuries","Burns with >=20% total burned surface area or >=10% if burns include face and/or hands"
